,Loop 1,seq_loop_status1.csv
,VITIS_LOOP_805_2,seq_loop_status2.csv
,VITIS_LOOP_5884_2,seq_loop_status3.csv
,VITIS_LOOP_2760_1,seq_loop_status4.csv
,VITIS_LOOP_2760_1,seq_loop_status5.csv
,VITIS_LOOP_2817_1,seq_loop_status6.csv
,VITIS_LOOP_2817_1,seq_loop_status7.csv
,VITIS_LOOP_225_1,seq_loop_status8.csv
,VITIS_LOOP_546_1,seq_loop_status9.csv
,VITIS_LOOP_546_1,seq_loop_status10.csv
,VITIS_LOOP_562_1,seq_loop_status11.csv
,VITIS_LOOP_562_1,seq_loop_status12.csv
,VITIS_LOOP_580_1,seq_loop_status13.csv
,VITIS_LOOP_580_1,seq_loop_status14.csv
,VITIS_LOOP_5942_3,seq_loop_status15.csv
,Loop 3,seq_loop_status16.csv
,Loop 4,seq_loop_status17.csv
,Loop 5,seq_loop_status18.csv
,Loop 6,seq_loop_status19.csv
,Loop 7,seq_loop_status20.csv
,Loop 8,seq_loop_status21.csv
grp_poly_small_mkgauss_fu_1282,VITIS_LOOP_2629_2,seq_loop_status22.csv
grp_poly_small_mkgauss_fu_1282,VITIS_LOOP_4476_2,seq_loop_status23.csv
grp_poly_small_mkgauss_fu_1282,VITIS_LOOP_4473_1,seq_loop_status24.csv
grp_poly_small_mkgauss_fu_1282.grp_get_rng_u64_82_101_fu_718,VITIS_LOOP_863_2,seq_loop_status25.csv
grp_poly_small_mkgauss_fu_1282.grp_get_rng_u64_82_101_fu_718,VITIS_LOOP_846_1,seq_loop_status26.csv
grp_poly_small_mkgauss_fu_1282.grp_get_rng_u64_82_101_fu_718.grp_process_block_111_112_fu_512,VITIS_LOOP_104_1,seq_loop_status27.csv
grp_FFT_fu_1324,VITIS_LOOP_968_3,seq_loop_status28.csv
grp_FFT_fu_1324,VITIS_LOOP_959_2,seq_loop_status29.csv
grp_FFT_fu_1324,VITIS_LOOP_953_1,seq_loop_status30.csv
grp_FFT_fu_1331,VITIS_LOOP_968_3,seq_loop_status31.csv
grp_FFT_fu_1331,VITIS_LOOP_959_2,seq_loop_status32.csv
grp_FFT_fu_1331,VITIS_LOOP_953_1,seq_loop_status33.csv
grp_iFFT_fu_1338,VITIS_LOOP_1468_3,seq_loop_status34.csv
grp_iFFT_fu_1338,VITIS_LOOP_1459_2,seq_loop_status35.csv
grp_iFFT_fu_1338,VITIS_LOOP_1453_1,seq_loop_status36.csv
grp_iFFT_fu_1338,VITIS_LOOP_1493_4,seq_loop_status37.csv
grp_iFFT_fu_1345,VITIS_LOOP_1468_3,seq_loop_status38.csv
grp_iFFT_fu_1345,VITIS_LOOP_1459_2,seq_loop_status39.csv
grp_iFFT_fu_1345,VITIS_LOOP_1453_1,seq_loop_status40.csv
grp_iFFT_fu_1345,VITIS_LOOP_1493_4,seq_loop_status41.csv
grp_compute_public_1_fu_1352,VITIS_LOOP_824_1,seq_loop_status42.csv
grp_compute_public_1_fu_1352,VITIS_LOOP_830_2,seq_loop_status43.csv
grp_compute_public_1_fu_1352,VITIS_LOOP_558_3,seq_loop_status44.csv
grp_compute_public_1_fu_1352,VITIS_LOOP_552_2,seq_loop_status45.csv
grp_compute_public_1_fu_1352,VITIS_LOOP_547_1,seq_loop_status46.csv
grp_compute_public_1_fu_1352,VITIS_LOOP_586_5,seq_loop_status47.csv
grp_compute_public_1_fu_1352.grp_mq_NTT_fu_320,VITIS_LOOP_521_3,seq_loop_status48.csv
grp_compute_public_1_fu_1352.grp_mq_NTT_fu_320,VITIS_LOOP_515_2,seq_loop_status49.csv
grp_compute_public_1_fu_1352.grp_mq_NTT_fu_320,VITIS_LOOP_511_1,seq_loop_status50.csv
grp_compute_public_1_fu_1352.grp_mq_NTT_1_fu_328,VITIS_LOOP_521_3,seq_loop_status51.csv
grp_compute_public_1_fu_1352.grp_mq_NTT_1_fu_328,VITIS_LOOP_515_2,seq_loop_status52.csv
grp_compute_public_1_fu_1352.grp_mq_NTT_1_fu_328,VITIS_LOOP_511_1,seq_loop_status53.csv
grp_solve_NTRU_fu_1364,VITIS_LOOP_4378_2,seq_loop_status54.csv
grp_solve_NTRU_fu_1364,VITIS_LOOP_2385_1,seq_loop_status55.csv
grp_solve_NTRU_fu_1364,VITIS_LOOP_2385_1,seq_loop_status56.csv
grp_solve_NTRU_fu_1364,VITIS_LOOP_808_1,seq_loop_status57.csv
grp_solve_NTRU_fu_1364,VITIS_LOOP_962_2,seq_loop_status58.csv
grp_solve_NTRU_fu_1364,VITIS_LOOP_4432_3,seq_loop_status59.csv
grp_solve_NTRU_fu_1364,VITIS_LOOP_4435_4,seq_loop_status60.csv
grp_solve_NTRU_fu_1364,VITIS_LOOP_4447_5,seq_loop_status61.csv
grp_solve_NTRU_fu_1364.grp_solve_NTRU_all_1_fu_478,VITIS_LOOP_1487_1,seq_loop_status62.csv
grp_solve_NTRU_fu_1364.grp_solve_NTRU_all_1_fu_478,VITIS_LOOP_1487_1,seq_loop_status63.csv
grp_solve_NTRU_fu_1364.grp_solve_NTRU_all_1_fu_478,VITIS_LOOP_779_1,seq_loop_status64.csv
grp_solve_NTRU_fu_1364.grp_solve_NTRU_all_1_fu_478,VITIS_LOOP_4640_2,seq_loop_status65.csv
grp_solve_NTRU_fu_1364.grp_solve_NTRU_all_1_fu_478,VITIS_LOOP_4631_1,seq_loop_status66.csv
grp_solve_NTRU_fu_1364.grp_solve_NTRU_all_1_fu_478,Loop 4,seq_loop_status67.csv
grp_solve_NTRU_fu_1364.grp_solve_NTRU_all_1_fu_478,Loop 5,seq_loop_status68.csv
grp_solve_NTRU_fu_1364.grp_solve_NTRU_all_1_fu_478,VITIS_LOOP_4694_4,seq_loop_status69.csv
grp_solve_NTRU_fu_1364.grp_solve_NTRU_all_1_fu_478,VITIS_LOOP_1407_1,seq_loop_status70.csv
grp_solve_NTRU_fu_1364.grp_solve_NTRU_all_1_fu_478,VITIS_LOOP_1407_1,seq_loop_status71.csv
grp_solve_NTRU_fu_1364.grp_solve_NTRU_all_1_fu_478,VITIS_LOOP_4664_3.4,seq_loop_status72.csv
grp_solve_NTRU_fu_1364.grp_solve_NTRU_all_1_fu_478,VITIS_LOOP_4664_3.5,seq_loop_status73.csv
grp_solve_NTRU_fu_1364.grp_solve_NTRU_all_1_fu_478,VITIS_LOOP_4664_3.6,seq_loop_status74.csv
grp_solve_NTRU_fu_1364.grp_solve_NTRU_all_1_fu_478,VITIS_LOOP_4729_6,seq_loop_status75.csv
grp_solve_NTRU_fu_1364.grp_solve_NTRU_all_1_fu_478,VITIS_LOOP_4775_7,seq_loop_status76.csv
grp_solve_NTRU_fu_1364.grp_solve_NTRU_all_1_fu_478,VITIS_LOOP_4801_8,seq_loop_status77.csv
grp_solve_NTRU_fu_1364.grp_solve_NTRU_all_1_fu_478,VITIS_LOOP_4664_3,seq_loop_status78.csv
grp_solve_NTRU_fu_1364.grp_solve_NTRU_all_1_fu_478,Loop 7,seq_loop_status79.csv
grp_solve_NTRU_fu_1364.grp_solve_NTRU_all_1_fu_478,Loop 8,seq_loop_status80.csv
grp_solve_NTRU_fu_1364.grp_solve_NTRU_all_1_fu_478,Loop 9,seq_loop_status81.csv
grp_solve_NTRU_fu_1364.grp_solve_NTRU_all_1_fu_478,VITIS_LOOP_480_1,seq_loop_status82.csv
grp_solve_NTRU_fu_1364.grp_solve_NTRU_all_1_fu_478,VITIS_LOOP_225_1,seq_loop_status83.csv
grp_solve_NTRU_fu_1364.grp_solve_NTRU_all_1_fu_478,VITIS_LOOP_580_1,seq_loop_status84.csv
grp_solve_NTRU_fu_1364.grp_solve_NTRU_all_1_fu_478,VITIS_LOOP_4901_9,seq_loop_status85.csv
grp_solve_NTRU_fu_1364.grp_solve_NTRU_all_1_fu_478,VITIS_LOOP_464_1,seq_loop_status86.csv
grp_solve_NTRU_fu_1364.grp_solve_NTRU_all_1_fu_478,VITIS_LOOP_464_1,seq_loop_status87.csv
grp_solve_NTRU_fu_1364.grp_solve_NTRU_all_1_fu_478,Loop 16,seq_loop_status88.csv
grp_solve_NTRU_fu_1364.grp_solve_NTRU_all_1_fu_478,VITIS_LOOP_4932_10,seq_loop_status89.csv
grp_solve_NTRU_fu_1364.grp_solve_NTRU_all_1_fu_478,VITIS_LOOP_4980_11,seq_loop_status90.csv
grp_solve_NTRU_fu_1364.grp_solve_NTRU_all_1_fu_478,VITIS_LOOP_4990_12,seq_loop_status91.csv
grp_solve_NTRU_fu_1364.grp_solve_NTRU_all_1_fu_478,VITIS_LOOP_5000_13,seq_loop_status92.csv
grp_solve_NTRU_fu_1364.grp_solve_NTRU_all_1_fu_478,Loop 21,seq_loop_status93.csv
grp_solve_NTRU_fu_1364.grp_solve_NTRU_all_1_fu_478,VITIS_LOOP_5052_14,seq_loop_status94.csv
grp_solve_NTRU_fu_1364.grp_solve_NTRU_all_1_fu_478,VITIS_LOOP_5062_15,seq_loop_status95.csv
grp_solve_NTRU_fu_1364.grp_solve_NTRU_all_1_fu_478,VITIS_LOOP_5075_16,seq_loop_status96.csv
grp_solve_NTRU_fu_1364.grp_solve_NTRU_all_1_fu_478,VITIS_LOOP_5085_17,seq_loop_status97.csv
grp_solve_NTRU_fu_1364.grp_solve_NTRU_all_1_fu_478,VITIS_LOOP_5104_18,seq_loop_status98.csv
grp_solve_NTRU_fu_1364.grp_solve_NTRU_all_1_fu_478,VITIS_LOOP_5128_19,seq_loop_status99.csv
grp_solve_NTRU_fu_1364.grp_solve_NTRU_all_1_fu_478,Loop 28,seq_loop_status100.csv
grp_solve_NTRU_fu_1364.grp_solve_NTRU_all_1_fu_478,VITIS_LOOP_5139_20,seq_loop_status101.csv
grp_solve_NTRU_fu_1364.grp_solve_NTRU_all_1_fu_478,VITIS_LOOP_248_1,seq_loop_status102.csv
grp_solve_NTRU_fu_1364.grp_solve_NTRU_all_1_fu_478,VITIS_LOOP_5150_21,seq_loop_status103.csv
grp_solve_NTRU_fu_1364.grp_solve_NTRU_all_1_fu_478,VITIS_LOOP_5168_22,seq_loop_status104.csv
grp_solve_NTRU_fu_1364.grp_solve_NTRU_all_1_fu_478,VITIS_LOOP_5175_23,seq_loop_status105.csv
grp_solve_NTRU_fu_1364.grp_solve_NTRU_all_1_fu_478,VITIS_LOOP_5186_24,seq_loop_status106.csv
grp_solve_NTRU_fu_1364.grp_solve_NTRU_all_1_fu_478,Loop 35,seq_loop_status107.csv
grp_solve_NTRU_fu_1364.grp_solve_NTRU_all_1_fu_478,Loop 36,seq_loop_status108.csv
grp_solve_NTRU_fu_1364.grp_solve_NTRU_all_1_fu_478,Loop 37,seq_loop_status109.csv
grp_solve_NTRU_fu_1364.grp_solve_NTRU_all_1_fu_478,Loop 38,seq_loop_status110.csv
grp_solve_NTRU_fu_1364.grp_solve_NTRU_all_1_fu_478,VITIS_LOOP_779_1,seq_loop_status111.csv
grp_solve_NTRU_fu_1364.grp_solve_NTRU_all_1_fu_478,solve_NTRU_intermediate_loop11,seq_loop_status112.csv
grp_solve_NTRU_fu_1364.grp_solve_NTRU_all_1_fu_478,solve_NTRU_intermediate_loop1,seq_loop_status113.csv
grp_solve_NTRU_fu_1364.grp_solve_NTRU_all_1_fu_478,solve_NTRU_intermediate_loop21,seq_loop_status114.csv
grp_solve_NTRU_fu_1364.grp_solve_NTRU_all_1_fu_478,VITIS_LOOP_779_1,seq_loop_status115.csv
grp_solve_NTRU_fu_1364.grp_solve_NTRU_all_1_fu_478,solve_NTRU_intermediate_loop22,seq_loop_status116.csv
grp_solve_NTRU_fu_1364.grp_solve_NTRU_all_1_fu_478,solve_NTRU_intermediate_loop23,seq_loop_status117.csv
grp_solve_NTRU_fu_1364.grp_solve_NTRU_all_1_fu_478,solve_NTRU_intermediate_loop24,seq_loop_status118.csv
grp_solve_NTRU_fu_1364.grp_solve_NTRU_all_1_fu_478,solve_NTRU_intermediate_loop2,seq_loop_status119.csv
grp_solve_NTRU_fu_1364.grp_solve_NTRU_all_1_fu_478,VITIS_LOOP_225_1,seq_loop_status120.csv
grp_solve_NTRU_fu_1364.grp_solve_NTRU_all_1_fu_478,VITIS_LOOP_546_1,seq_loop_status121.csv
grp_solve_NTRU_fu_1364.grp_solve_NTRU_all_1_fu_478,VITIS_LOOP_546_1,seq_loop_status122.csv
grp_solve_NTRU_fu_1364.grp_solve_NTRU_all_1_fu_478,VITIS_LOOP_532_1,seq_loop_status123.csv
grp_solve_NTRU_fu_1364.grp_solve_NTRU_all_1_fu_478,VITIS_LOOP_580_1,seq_loop_status124.csv
grp_solve_NTRU_fu_1364.grp_solve_NTRU_all_1_fu_478,VITIS_LOOP_5623_25,seq_loop_status125.csv
grp_solve_NTRU_fu_1364.grp_solve_NTRU_all_1_fu_478,solve_NTRU_intermediate_loop31,seq_loop_status126.csv
grp_solve_NTRU_fu_1364.grp_solve_NTRU_all_1_fu_478,solve_NTRU_intermediate_loop3,seq_loop_status127.csv
grp_solve_NTRU_fu_1364.grp_solve_NTRU_all_1_fu_478,solve_NTRU_intermediate_loop41,seq_loop_status128.csv
grp_solve_NTRU_fu_1364.grp_solve_NTRU_all_1_fu_478,solve_NTRU_intermediate_loop42,seq_loop_status129.csv
grp_solve_NTRU_fu_1364.grp_solve_NTRU_all_1_fu_478,solve_NTRU_intermediate_loop4,seq_loop_status130.csv
grp_solve_NTRU_fu_1364.grp_solve_NTRU_all_1_fu_478,solve_NTRU_intermediate_loop5.1,seq_loop_status131.csv
grp_solve_NTRU_fu_1364.grp_solve_NTRU_all_1_fu_478,solve_NTRU_intermediate_loop5.2,seq_loop_status132.csv
grp_solve_NTRU_fu_1364.grp_solve_NTRU_all_1_fu_478,solve_NTRU_intermediate_loop5,seq_loop_status133.csv
grp_solve_NTRU_fu_1364.grp_solve_NTRU_all_1_fu_478.grp_modp_mkgm2_1_fu_3306,VITIS_LOOP_954_1,seq_loop_status134.csv
grp_solve_NTRU_fu_1364.grp_solve_NTRU_all_1_fu_478.grp_modp_mkgm2_1_fu_3306,VITIS_LOOP_808_1,seq_loop_status135.csv
grp_solve_NTRU_fu_1364.grp_solve_NTRU_all_1_fu_478.grp_modp_mkgm2_1_fu_3306,VITIS_LOOP_962_2,seq_loop_status136.csv
grp_solve_NTRU_fu_1364.grp_solve_NTRU_all_1_fu_478.grp_make_fg_1_fu_3330,make_fg_loop1,seq_loop_status137.csv
grp_solve_NTRU_fu_1364.grp_solve_NTRU_all_1_fu_478.grp_make_fg_1_fu_3330,VITIS_LOOP_808_1,seq_loop_status138.csv
grp_solve_NTRU_fu_1364.grp_solve_NTRU_all_1_fu_478.grp_make_fg_1_fu_3330,VITIS_LOOP_962_2,seq_loop_status139.csv
grp_solve_NTRU_fu_1364.grp_solve_NTRU_all_1_fu_478.grp_make_fg_1_fu_3330,make_fg_loop2,seq_loop_status140.csv
grp_solve_NTRU_fu_1364.grp_solve_NTRU_all_1_fu_478.grp_make_fg_1_fu_3330.grp_make_fg_step_1_fu_234,Loop 1,seq_loop_status141.csv
grp_solve_NTRU_fu_1364.grp_solve_NTRU_all_1_fu_478.grp_make_fg_1_fu_3330.grp_make_fg_step_1_fu_234,Loop 2,seq_loop_status142.csv
grp_solve_NTRU_fu_1364.grp_solve_NTRU_all_1_fu_478.grp_make_fg_1_fu_3330.grp_make_fg_step_1_fu_234,VITIS_LOOP_2880_1,seq_loop_status143.csv
grp_solve_NTRU_fu_1364.grp_solve_NTRU_all_1_fu_478.grp_make_fg_1_fu_3330.grp_make_fg_step_1_fu_234,VITIS_LOOP_2886_2,seq_loop_status144.csv
grp_solve_NTRU_fu_1364.grp_solve_NTRU_all_1_fu_478.grp_make_fg_1_fu_3330.grp_make_fg_step_1_fu_234,VITIS_LOOP_2898_3,seq_loop_status145.csv
grp_solve_NTRU_fu_1364.grp_solve_NTRU_all_1_fu_478.grp_make_fg_1_fu_3330.grp_make_fg_step_1_fu_234,VITIS_LOOP_2904_4,seq_loop_status146.csv
grp_solve_NTRU_fu_1364.grp_solve_NTRU_all_1_fu_478.grp_make_fg_1_fu_3330.grp_make_fg_step_1_fu_234,make_fg_step_loop1,seq_loop_status147.csv
grp_solve_NTRU_fu_1364.grp_solve_NTRU_all_1_fu_478.grp_make_fg_1_fu_3330.grp_make_fg_step_1_fu_234,VITIS_LOOP_779_1,seq_loop_status148.csv
grp_solve_NTRU_fu_1364.grp_solve_NTRU_all_1_fu_478.grp_make_fg_1_fu_3330.grp_make_fg_step_1_fu_234,VITIS_LOOP_1520_1,seq_loop_status149.csv
grp_solve_NTRU_fu_1364.grp_solve_NTRU_all_1_fu_478.grp_make_fg_1_fu_3330.grp_make_fg_step_1_fu_234,VITIS_LOOP_2943_5,seq_loop_status150.csv
grp_solve_NTRU_fu_1364.grp_solve_NTRU_all_1_fu_478.grp_make_fg_1_fu_3330.grp_make_fg_step_1_fu_234,VITIS_LOOP_2947_6,seq_loop_status151.csv
grp_solve_NTRU_fu_1364.grp_solve_NTRU_all_1_fu_478.grp_make_fg_1_fu_3330.grp_make_fg_step_1_fu_234,VITIS_LOOP_1520_1,seq_loop_status152.csv
grp_solve_NTRU_fu_1364.grp_solve_NTRU_all_1_fu_478.grp_make_fg_1_fu_3330.grp_make_fg_step_1_fu_234,VITIS_LOOP_2956_7,seq_loop_status153.csv
grp_solve_NTRU_fu_1364.grp_solve_NTRU_all_1_fu_478.grp_make_fg_1_fu_3330.grp_make_fg_step_1_fu_234,VITIS_LOOP_2961_8,seq_loop_status154.csv
grp_solve_NTRU_fu_1364.grp_solve_NTRU_all_1_fu_478.grp_make_fg_1_fu_3330.grp_make_fg_step_1_fu_234,make_fg_step_loop2,seq_loop_status155.csv
grp_solve_NTRU_fu_1364.grp_solve_NTRU_all_1_fu_478.grp_make_fg_1_fu_3330.grp_make_fg_step_1_fu_234.grp_zint_rebuild_CRT_1_fu_780,VITIS_LOOP_1520_1,seq_loop_status156.csv
grp_solve_NTRU_fu_1364.grp_solve_NTRU_all_1_fu_478.grp_make_fg_1_fu_3330.grp_make_fg_step_1_fu_234.grp_zint_rebuild_CRT_1_fu_780,VITIS_LOOP_1560_1,seq_loop_status157.csv
grp_solve_NTRU_fu_1364.grp_solve_NTRU_all_1_fu_478.grp_make_fg_1_fu_3330.grp_make_fg_step_1_fu_234.grp_zint_rebuild_CRT_1_fu_780,VITIS_LOOP_1665_1,seq_loop_status158.csv
grp_solve_NTRU_fu_1364.grp_solve_NTRU_all_1_fu_478.grp_make_fg_1_fu_3330.grp_make_fg_step_1_fu_234.grp_zint_rebuild_CRT_1_fu_780,VITIS_LOOP_1487_1,seq_loop_status159.csv
grp_solve_NTRU_fu_1364.grp_solve_NTRU_all_1_fu_478.grp_make_fg_1_fu_3330.grp_make_fg_step_1_fu_234.grp_zint_rebuild_CRT_1_fu_780,zint_rebuild_CRTloop1,seq_loop_status160.csv
grp_solve_NTRU_fu_1364.grp_solve_NTRU_all_1_fu_478.grp_make_fg_1_fu_3330.grp_make_fg_step_1_fu_234.grp_zint_rebuild_CRT_1_fu_780,VITIS_LOOP_1591_1,seq_loop_status161.csv
grp_solve_NTRU_fu_1364.grp_solve_NTRU_all_1_fu_478.grp_make_fg_1_fu_3330.grp_make_fg_step_1_fu_234.grp_zint_rebuild_CRT_1_fu_780,VITIS_LOOP_1465_1,seq_loop_status162.csv
grp_solve_NTRU_fu_1364.grp_solve_NTRU_all_1_fu_478.grp_make_fg_1_fu_3330.grp_make_fg_step_1_fu_234.grp_zint_rebuild_CRT_1_fu_780,VITIS_LOOP_1693_2,seq_loop_status163.csv
grp_solve_NTRU_fu_1364.grp_solve_NTRU_all_1_fu_478.grp_make_fg_1_fu_3330.grp_make_fg_step_1_fu_234.grp_modp_mkgm2_1_fu_826,VITIS_LOOP_954_1,seq_loop_status164.csv
grp_solve_NTRU_fu_1364.grp_solve_NTRU_all_1_fu_478.grp_make_fg_1_fu_3330.grp_make_fg_step_1_fu_234.grp_modp_mkgm2_1_fu_826,VITIS_LOOP_808_1,seq_loop_status165.csv
grp_solve_NTRU_fu_1364.grp_solve_NTRU_all_1_fu_478.grp_make_fg_1_fu_3330.grp_make_fg_step_1_fu_234.grp_modp_mkgm2_1_fu_826,VITIS_LOOP_962_2,seq_loop_status166.csv
grp_solve_NTRU_fu_1364.grp_solve_NTRU_all_1_fu_478.grp_make_fg_1_fu_3330.grp_make_fg_step_1_fu_234.grp_modp_NTT2_ext_1_fu_841,VITIS_LOOP_1244_3,seq_loop_status167.csv
grp_solve_NTRU_fu_1364.grp_solve_NTRU_all_1_fu_478.grp_make_fg_1_fu_3330.grp_make_fg_step_1_fu_234.grp_modp_NTT2_ext_1_fu_841,VITIS_LOOP_1236_2,seq_loop_status168.csv
grp_solve_NTRU_fu_1364.grp_solve_NTRU_all_1_fu_478.grp_make_fg_1_fu_3330.grp_make_fg_step_1_fu_234.grp_modp_NTT2_ext_1_fu_841,VITIS_LOOP_1231_1,seq_loop_status169.csv
grp_solve_NTRU_fu_1364.grp_solve_NTRU_all_1_fu_478.grp_make_fg_1_fu_3330.grp_make_fg_step_1_fu_234.grp_modp_iNTT2_ext_1_fu_854,iNTT_loop3,seq_loop_status170.csv
grp_solve_NTRU_fu_1364.grp_solve_NTRU_all_1_fu_478.grp_make_fg_1_fu_3330.grp_make_fg_step_1_fu_234.grp_modp_iNTT2_ext_1_fu_854,iNTT_loop2,seq_loop_status171.csv
grp_solve_NTRU_fu_1364.grp_solve_NTRU_all_1_fu_478.grp_make_fg_1_fu_3330.grp_make_fg_step_1_fu_234.grp_modp_iNTT2_ext_1_fu_854,iNTT_loop1,seq_loop_status172.csv
grp_solve_NTRU_fu_1364.grp_solve_NTRU_all_1_fu_478.grp_make_fg_1_fu_3330.grp_make_fg_step_1_fu_234.grp_modp_iNTT2_ext_1_fu_854,VITIS_LOOP_1373_1,seq_loop_status173.csv
grp_solve_NTRU_fu_1364.grp_solve_NTRU_all_1_fu_478.grp_make_fg_1_fu_3330.grp_modp_NTT2_ext_1_fu_281,VITIS_LOOP_1244_3,seq_loop_status174.csv
grp_solve_NTRU_fu_1364.grp_solve_NTRU_all_1_fu_478.grp_make_fg_1_fu_3330.grp_modp_NTT2_ext_1_fu_281,VITIS_LOOP_1236_2,seq_loop_status175.csv
grp_solve_NTRU_fu_1364.grp_solve_NTRU_all_1_fu_478.grp_make_fg_1_fu_3330.grp_modp_NTT2_ext_1_fu_281,VITIS_LOOP_1231_1,seq_loop_status176.csv
grp_solve_NTRU_fu_1364.grp_solve_NTRU_all_1_fu_478.grp_modp_NTT2_ext_1_fu_3357,VITIS_LOOP_1244_3,seq_loop_status177.csv
grp_solve_NTRU_fu_1364.grp_solve_NTRU_all_1_fu_478.grp_modp_NTT2_ext_1_fu_3357,VITIS_LOOP_1236_2,seq_loop_status178.csv
grp_solve_NTRU_fu_1364.grp_solve_NTRU_all_1_fu_478.grp_modp_NTT2_ext_1_fu_3357,VITIS_LOOP_1231_1,seq_loop_status179.csv
grp_solve_NTRU_fu_1364.grp_solve_NTRU_all_1_fu_478.grp_modp_iNTT2_ext_1_fu_3386,iNTT_loop3,seq_loop_status180.csv
grp_solve_NTRU_fu_1364.grp_solve_NTRU_all_1_fu_478.grp_modp_iNTT2_ext_1_fu_3386,iNTT_loop2,seq_loop_status181.csv
grp_solve_NTRU_fu_1364.grp_solve_NTRU_all_1_fu_478.grp_modp_iNTT2_ext_1_fu_3386,iNTT_loop1,seq_loop_status182.csv
grp_solve_NTRU_fu_1364.grp_solve_NTRU_all_1_fu_478.grp_modp_iNTT2_ext_1_fu_3386,VITIS_LOOP_1373_1,seq_loop_status183.csv
grp_solve_NTRU_fu_1364.grp_solve_NTRU_all_1_fu_478.grp_FFT_1_fu_3500,VITIS_LOOP_968_3,seq_loop_status184.csv
grp_solve_NTRU_fu_1364.grp_solve_NTRU_all_1_fu_478.grp_FFT_1_fu_3500,VITIS_LOOP_959_2,seq_loop_status185.csv
grp_solve_NTRU_fu_1364.grp_solve_NTRU_all_1_fu_478.grp_FFT_1_fu_3500,VITIS_LOOP_953_1,seq_loop_status186.csv
grp_solve_NTRU_fu_1364.grp_solve_NTRU_all_1_fu_478.grp_iFFT_1_fu_3522,VITIS_LOOP_1468_3,seq_loop_status187.csv
grp_solve_NTRU_fu_1364.grp_solve_NTRU_all_1_fu_478.grp_iFFT_1_fu_3522,VITIS_LOOP_1459_2,seq_loop_status188.csv
grp_solve_NTRU_fu_1364.grp_solve_NTRU_all_1_fu_478.grp_iFFT_1_fu_3522,VITIS_LOOP_1453_1,seq_loop_status189.csv
grp_solve_NTRU_fu_1364.grp_solve_NTRU_all_1_fu_478.grp_iFFT_1_fu_3522,VITIS_LOOP_1493_4,seq_loop_status190.csv
grp_solve_NTRU_fu_1364.grp_solve_NTRU_all_1_fu_478.grp_zint_mod_small_signed_1_fu_3545,VITIS_LOOP_1520_1,seq_loop_status191.csv
grp_solve_NTRU_fu_1364.grp_solve_NTRU_all_1_fu_478.grp_zint_rebuild_CRT_1_fu_3561,VITIS_LOOP_1520_1,seq_loop_status192.csv
grp_solve_NTRU_fu_1364.grp_solve_NTRU_all_1_fu_478.grp_zint_rebuild_CRT_1_fu_3561,VITIS_LOOP_1560_1,seq_loop_status193.csv
grp_solve_NTRU_fu_1364.grp_solve_NTRU_all_1_fu_478.grp_zint_rebuild_CRT_1_fu_3561,VITIS_LOOP_1665_1,seq_loop_status194.csv
grp_solve_NTRU_fu_1364.grp_solve_NTRU_all_1_fu_478.grp_zint_rebuild_CRT_1_fu_3561,VITIS_LOOP_1487_1,seq_loop_status195.csv
grp_solve_NTRU_fu_1364.grp_solve_NTRU_all_1_fu_478.grp_zint_rebuild_CRT_1_fu_3561,zint_rebuild_CRTloop1,seq_loop_status196.csv
grp_solve_NTRU_fu_1364.grp_solve_NTRU_all_1_fu_478.grp_zint_rebuild_CRT_1_fu_3561,VITIS_LOOP_1591_1,seq_loop_status197.csv
grp_solve_NTRU_fu_1364.grp_solve_NTRU_all_1_fu_478.grp_zint_rebuild_CRT_1_fu_3561,VITIS_LOOP_1465_1,seq_loop_status198.csv
grp_solve_NTRU_fu_1364.grp_solve_NTRU_all_1_fu_478.grp_zint_rebuild_CRT_1_fu_3561,VITIS_LOOP_1693_2,seq_loop_status199.csv
grp_solve_NTRU_fu_1364.grp_solve_NTRU_all_1_fu_478.grp_poly_big_to_fp_1_fu_3592,VITIS_LOOP_2337_1,seq_loop_status200.csv
grp_solve_NTRU_fu_1364.grp_solve_NTRU_all_1_fu_478.grp_poly_big_to_fp_1_fu_3592,VITIS_LOOP_2357_3,seq_loop_status201.csv
grp_solve_NTRU_fu_1364.grp_solve_NTRU_all_1_fu_478.grp_poly_big_to_fp_1_fu_3592,VITIS_LOOP_2342_2,seq_loop_status202.csv
grp_solve_NTRU_fu_1364.grp_solve_NTRU_all_1_fu_478.grp_poly_mul_fft_1_fu_3613,VITIS_LOOP_511_1,seq_loop_status203.csv
grp_solve_NTRU_fu_1364.grp_solve_NTRU_all_1_fu_478.grp_zint_bezout_1_fu_3626,Loop 1,seq_loop_status204.csv
grp_solve_NTRU_fu_1364.grp_solve_NTRU_all_1_fu_478.grp_zint_bezout_1_fu_3626,Loop 2,seq_loop_status205.csv
grp_solve_NTRU_fu_1364.grp_solve_NTRU_all_1_fu_478.grp_zint_bezout_1_fu_3626,Loop 3,seq_loop_status206.csv
grp_solve_NTRU_fu_1364.grp_solve_NTRU_all_1_fu_478.grp_zint_bezout_1_fu_3626,Loop 4,seq_loop_status207.csv
grp_solve_NTRU_fu_1364.grp_solve_NTRU_all_1_fu_478.grp_zint_bezout_1_fu_3626,Loop 5,seq_loop_status208.csv
grp_solve_NTRU_fu_1364.grp_solve_NTRU_all_1_fu_478.grp_zint_bezout_1_fu_3626,Loop 6,seq_loop_status209.csv
grp_solve_NTRU_fu_1364.grp_solve_NTRU_all_1_fu_478.grp_zint_bezout_1_fu_3626,VITIS_LOOP_2066_2,seq_loop_status210.csv
grp_solve_NTRU_fu_1364.grp_solve_NTRU_all_1_fu_478.grp_zint_bezout_1_fu_3626,VITIS_LOOP_2107_3,seq_loop_status211.csv
grp_solve_NTRU_fu_1364.grp_solve_NTRU_all_1_fu_478.grp_zint_bezout_1_fu_3626,VITIS_LOOP_1749_1,seq_loop_status212.csv
grp_solve_NTRU_fu_1364.grp_solve_NTRU_all_1_fu_478.grp_zint_bezout_1_fu_3626,VITIS_LOOP_1716_1,seq_loop_status213.csv
grp_solve_NTRU_fu_1364.grp_solve_NTRU_all_1_fu_478.grp_zint_bezout_1_fu_3626,VITIS_LOOP_1716_1,seq_loop_status214.csv
grp_solve_NTRU_fu_1364.grp_solve_NTRU_all_1_fu_478.grp_zint_bezout_1_fu_3626,VITIS_LOOP_2043_1,seq_loop_status215.csv
grp_solve_NTRU_fu_1364.grp_solve_NTRU_all_1_fu_478.grp_zint_bezout_1_fu_3626,VITIS_LOOP_2193_4,seq_loop_status216.csv
grp_solve_NTRU_fu_1364.grp_solve_NTRU_all_1_fu_478.grp_zint_bezout_1_fu_3626.grp_zint_co_reduce_mod_1_fu_674,VITIS_LOOP_1840_1,seq_loop_status217.csv
grp_solve_NTRU_fu_1364.grp_solve_NTRU_all_1_fu_478.grp_zint_bezout_1_fu_3626.grp_zint_co_reduce_mod_1_fu_674,VITIS_LOOP_1795_1,seq_loop_status218.csv
grp_solve_NTRU_fu_1364.grp_solve_NTRU_all_1_fu_478.grp_zint_bezout_1_fu_3626.grp_zint_co_reduce_mod_1_fu_674,VITIS_LOOP_1811_2,seq_loop_status219.csv
grp_solve_NTRU_fu_1364.grp_solve_NTRU_all_1_fu_478.grp_zint_bezout_1_fu_3626.grp_zint_co_reduce_mod_1_fu_674,VITIS_LOOP_1795_1,seq_loop_status220.csv
grp_solve_NTRU_fu_1364.grp_solve_NTRU_all_1_fu_478.grp_zint_bezout_1_fu_3626.grp_zint_co_reduce_mod_1_fu_674,VITIS_LOOP_1811_2,seq_loop_status221.csv
grp_solve_NTRU_fu_1364.grp_solve_NTRU_all_1_fu_478.grp_poly_sub_scaled_1_fu_3632,VITIS_LOOP_2225_1,seq_loop_status222.csv
grp_solve_NTRU_fu_1364.grp_solve_NTRU_all_1_fu_478.grp_poly_sub_scaled_1_fu_3632,VITIS_LOOP_2427_2,seq_loop_status223.csv
grp_solve_NTRU_fu_1364.grp_solve_NTRU_all_1_fu_478.grp_poly_sub_scaled_1_fu_3632,VITIS_LOOP_2415_1,seq_loop_status224.csv
grp_solve_NTRU_fu_1364.grp_solve_NTRU_all_1_fu_478.grp_poly_sub_scaled_ntt_1_fu_3649,VITIS_LOOP_779_1,seq_loop_status225.csv
grp_solve_NTRU_fu_1364.grp_solve_NTRU_all_1_fu_478.grp_poly_sub_scaled_ntt_1_fu_3649,VITIS_LOOP_954_1,seq_loop_status226.csv
grp_solve_NTRU_fu_1364.grp_solve_NTRU_all_1_fu_478.grp_poly_sub_scaled_ntt_1_fu_3649,VITIS_LOOP_808_1,seq_loop_status227.csv
grp_solve_NTRU_fu_1364.grp_solve_NTRU_all_1_fu_478.grp_poly_sub_scaled_ntt_1_fu_3649,VITIS_LOOP_962_2,seq_loop_status228.csv
grp_solve_NTRU_fu_1364.grp_solve_NTRU_all_1_fu_478.grp_poly_sub_scaled_ntt_1_fu_3649,VITIS_LOOP_2485_2,seq_loop_status229.csv
grp_solve_NTRU_fu_1364.grp_solve_NTRU_all_1_fu_478.grp_poly_sub_scaled_ntt_1_fu_3649,VITIS_LOOP_1520_1,seq_loop_status230.csv
grp_solve_NTRU_fu_1364.grp_solve_NTRU_all_1_fu_478.grp_poly_sub_scaled_ntt_1_fu_3649,VITIS_LOOP_2490_3,seq_loop_status231.csv
grp_solve_NTRU_fu_1364.grp_solve_NTRU_all_1_fu_478.grp_poly_sub_scaled_ntt_1_fu_3649,VITIS_LOOP_2497_4,seq_loop_status232.csv
grp_solve_NTRU_fu_1364.grp_solve_NTRU_all_1_fu_478.grp_poly_sub_scaled_ntt_1_fu_3649,iNTT_loop3,seq_loop_status233.csv
grp_solve_NTRU_fu_1364.grp_solve_NTRU_all_1_fu_478.grp_poly_sub_scaled_ntt_1_fu_3649,iNTT_loop2,seq_loop_status234.csv
grp_solve_NTRU_fu_1364.grp_solve_NTRU_all_1_fu_478.grp_poly_sub_scaled_ntt_1_fu_3649,iNTT_loop1,seq_loop_status235.csv
grp_solve_NTRU_fu_1364.grp_solve_NTRU_all_1_fu_478.grp_poly_sub_scaled_ntt_1_fu_3649,VITIS_LOOP_1373_1,seq_loop_status236.csv
grp_solve_NTRU_fu_1364.grp_solve_NTRU_all_1_fu_478.grp_poly_sub_scaled_ntt_1_fu_3649,VITIS_LOOP_2474_1,seq_loop_status237.csv
grp_solve_NTRU_fu_1364.grp_solve_NTRU_all_1_fu_478.grp_poly_sub_scaled_ntt_1_fu_3649,VITIS_LOOP_2284_1,seq_loop_status238.csv
grp_solve_NTRU_fu_1364.grp_solve_NTRU_all_1_fu_478.grp_poly_sub_scaled_ntt_1_fu_3649,VITIS_LOOP_2513_5,seq_loop_status239.csv
grp_solve_NTRU_fu_1364.grp_solve_NTRU_all_1_fu_478.grp_poly_sub_scaled_ntt_1_fu_3649.grp_zint_rebuild_CRT_1_fu_1154,VITIS_LOOP_1520_1,seq_loop_status240.csv
grp_solve_NTRU_fu_1364.grp_solve_NTRU_all_1_fu_478.grp_poly_sub_scaled_ntt_1_fu_3649.grp_zint_rebuild_CRT_1_fu_1154,VITIS_LOOP_1560_1,seq_loop_status241.csv
grp_solve_NTRU_fu_1364.grp_solve_NTRU_all_1_fu_478.grp_poly_sub_scaled_ntt_1_fu_3649.grp_zint_rebuild_CRT_1_fu_1154,VITIS_LOOP_1665_1,seq_loop_status242.csv
grp_solve_NTRU_fu_1364.grp_solve_NTRU_all_1_fu_478.grp_poly_sub_scaled_ntt_1_fu_3649.grp_zint_rebuild_CRT_1_fu_1154,VITIS_LOOP_1487_1,seq_loop_status243.csv
grp_solve_NTRU_fu_1364.grp_solve_NTRU_all_1_fu_478.grp_poly_sub_scaled_ntt_1_fu_3649.grp_zint_rebuild_CRT_1_fu_1154,zint_rebuild_CRTloop1,seq_loop_status244.csv
grp_solve_NTRU_fu_1364.grp_solve_NTRU_all_1_fu_478.grp_poly_sub_scaled_ntt_1_fu_3649.grp_zint_rebuild_CRT_1_fu_1154,VITIS_LOOP_1591_1,seq_loop_status245.csv
grp_solve_NTRU_fu_1364.grp_solve_NTRU_all_1_fu_478.grp_poly_sub_scaled_ntt_1_fu_3649.grp_zint_rebuild_CRT_1_fu_1154,VITIS_LOOP_1465_1,seq_loop_status246.csv
grp_solve_NTRU_fu_1364.grp_solve_NTRU_all_1_fu_478.grp_poly_sub_scaled_ntt_1_fu_3649.grp_zint_rebuild_CRT_1_fu_1154,VITIS_LOOP_1693_2,seq_loop_status247.csv
grp_solve_NTRU_fu_1364.grp_solve_NTRU_all_1_fu_478.grp_poly_sub_scaled_ntt_1_fu_3649.grp_modp_NTT2_ext_1_fu_1171,VITIS_LOOP_1244_3,seq_loop_status248.csv
grp_solve_NTRU_fu_1364.grp_solve_NTRU_all_1_fu_478.grp_poly_sub_scaled_ntt_1_fu_3649.grp_modp_NTT2_ext_1_fu_1171,VITIS_LOOP_1236_2,seq_loop_status249.csv
grp_solve_NTRU_fu_1364.grp_solve_NTRU_all_1_fu_478.grp_poly_sub_scaled_ntt_1_fu_3649.grp_modp_NTT2_ext_1_fu_1171,VITIS_LOOP_1231_1,seq_loop_status250.csv
grp_solve_NTRU_fu_1364.grp_modp_NTT2_ext_1_fu_542,VITIS_LOOP_1244_3,seq_loop_status251.csv
grp_solve_NTRU_fu_1364.grp_modp_NTT2_ext_1_fu_542,VITIS_LOOP_1236_2,seq_loop_status252.csv
grp_solve_NTRU_fu_1364.grp_modp_NTT2_ext_1_fu_542,VITIS_LOOP_1231_1,seq_loop_status253.csv
