,AESL_inst_keygen,,module_status1.csv
,grp_poly_small_mkgauss_fu_1282,,module_status2.csv
grp_poly_small_mkgauss_fu_1282,grp_get_rng_u64_82_101_fu_718,,module_status3.csv
grp_poly_small_mkgauss_fu_1282.grp_get_rng_u64_82_101_fu_718,grp_process_block_111_112_fu_512,,module_status4.csv
,grp_fpr_of_fu_1317,,module_status5.csv
,grp_FFT_fu_1324,,module_status6.csv
,grp_FFT_fu_1331,,module_status7.csv
,grp_iFFT_fu_1338,,module_status8.csv
,grp_iFFT_fu_1345,,module_status9.csv
,grp_compute_public_1_fu_1352,,module_status10.csv
grp_compute_public_1_fu_1352,grp_mq_NTT_fu_320,,module_status11.csv
grp_compute_public_1_fu_1352,grp_mq_NTT_1_fu_328,,module_status12.csv
grp_compute_public_1_fu_1352,grp_mq_montysqr_fu_336,,module_status13.csv
,grp_solve_NTRU_fu_1364,,module_status14.csv
grp_solve_NTRU_fu_1364,grp_solve_NTRU_all_1_fu_478,,module_status15.csv
grp_solve_NTRU_fu_1364.grp_solve_NTRU_all_1_fu_478,grp_modp_mkgm2_1_fu_3306,,module_status16.csv
grp_solve_NTRU_fu_1364.grp_solve_NTRU_all_1_fu_478.grp_modp_mkgm2_1_fu_3306,grp_modp_montymul_fu_184,,module_status17.csv
grp_solve_NTRU_fu_1364.grp_solve_NTRU_all_1_fu_478.grp_modp_mkgm2_1_fu_3306,grp_modp_montymul_fu_192,,module_status18.csv
grp_solve_NTRU_fu_1364.grp_solve_NTRU_all_1_fu_478,grp_make_fg_1_fu_3330,,module_status19.csv
grp_solve_NTRU_fu_1364.grp_solve_NTRU_all_1_fu_478.grp_make_fg_1_fu_3330,grp_make_fg_step_1_fu_234,,module_status20.csv
grp_solve_NTRU_fu_1364.grp_solve_NTRU_all_1_fu_478.grp_make_fg_1_fu_3330.grp_make_fg_step_1_fu_234,grp_zint_rebuild_CRT_1_fu_780,,module_status21.csv
grp_solve_NTRU_fu_1364.grp_solve_NTRU_all_1_fu_478.grp_make_fg_1_fu_3330.grp_make_fg_step_1_fu_234.grp_zint_rebuild_CRT_1_fu_780,grp_modp_montymul_fu_442,,module_status22.csv
grp_solve_NTRU_fu_1364.grp_solve_NTRU_all_1_fu_478.grp_make_fg_1_fu_3330.grp_make_fg_step_1_fu_234.grp_zint_rebuild_CRT_1_fu_780,grp_modp_montymul_fu_450,,module_status23.csv
grp_solve_NTRU_fu_1364.grp_solve_NTRU_all_1_fu_478.grp_make_fg_1_fu_3330.grp_make_fg_step_1_fu_234,grp_modp_mkgm2_1_fu_826,,module_status24.csv
grp_solve_NTRU_fu_1364.grp_solve_NTRU_all_1_fu_478.grp_make_fg_1_fu_3330.grp_make_fg_step_1_fu_234.grp_modp_mkgm2_1_fu_826,grp_modp_montymul_fu_184,,module_status25.csv
grp_solve_NTRU_fu_1364.grp_solve_NTRU_all_1_fu_478.grp_make_fg_1_fu_3330.grp_make_fg_step_1_fu_234.grp_modp_mkgm2_1_fu_826,grp_modp_montymul_fu_192,,module_status26.csv
grp_solve_NTRU_fu_1364.grp_solve_NTRU_all_1_fu_478.grp_make_fg_1_fu_3330.grp_make_fg_step_1_fu_234,grp_modp_NTT2_ext_1_fu_841,,module_status27.csv
grp_solve_NTRU_fu_1364.grp_solve_NTRU_all_1_fu_478.grp_make_fg_1_fu_3330.grp_make_fg_step_1_fu_234.grp_modp_NTT2_ext_1_fu_841,y_modp_montymul_fu_200,,module_status28.csv
grp_solve_NTRU_fu_1364.grp_solve_NTRU_all_1_fu_478.grp_make_fg_1_fu_3330.grp_make_fg_step_1_fu_234,grp_modp_iNTT2_ext_1_fu_854,,module_status29.csv
grp_solve_NTRU_fu_1364.grp_solve_NTRU_all_1_fu_478.grp_make_fg_1_fu_3330,grp_modp_montymul_fu_255,,module_status30.csv
grp_solve_NTRU_fu_1364.grp_solve_NTRU_all_1_fu_478.grp_make_fg_1_fu_3330,grp_modp_montymul_fu_265,,module_status31.csv
grp_solve_NTRU_fu_1364.grp_solve_NTRU_all_1_fu_478.grp_make_fg_1_fu_3330,grp_modp_NTT2_ext_1_fu_281,,module_status32.csv
grp_solve_NTRU_fu_1364.grp_solve_NTRU_all_1_fu_478.grp_make_fg_1_fu_3330.grp_modp_NTT2_ext_1_fu_281,y_modp_montymul_fu_200,,module_status33.csv
grp_solve_NTRU_fu_1364.grp_solve_NTRU_all_1_fu_478,grp_modp_NTT2_ext_1_fu_3357,,module_status34.csv
grp_solve_NTRU_fu_1364.grp_solve_NTRU_all_1_fu_478.grp_modp_NTT2_ext_1_fu_3357,y_modp_montymul_fu_200,,module_status35.csv
grp_solve_NTRU_fu_1364.grp_solve_NTRU_all_1_fu_478,grp_modp_iNTT2_ext_1_fu_3386,,module_status36.csv
grp_solve_NTRU_fu_1364.grp_solve_NTRU_all_1_fu_478,grp_modp_montymul_fu_3413,,module_status37.csv
grp_solve_NTRU_fu_1364.grp_solve_NTRU_all_1_fu_478,grp_modp_montymul_fu_3425,,module_status38.csv
grp_solve_NTRU_fu_1364.grp_solve_NTRU_all_1_fu_478,grp_modp_montymul_fu_3437,,module_status39.csv
grp_solve_NTRU_fu_1364.grp_solve_NTRU_all_1_fu_478,grp_modp_montymul_fu_3463,,module_status40.csv
grp_solve_NTRU_fu_1364.grp_solve_NTRU_all_1_fu_478,tmp_47_modp_montymul_fu_3473,,module_status41.csv
grp_solve_NTRU_fu_1364.grp_solve_NTRU_all_1_fu_478,tmp_48_modp_montymul_fu_3482,,module_status42.csv
grp_solve_NTRU_fu_1364.grp_solve_NTRU_all_1_fu_478,grp_FFT_1_fu_3500,,module_status43.csv
grp_solve_NTRU_fu_1364.grp_solve_NTRU_all_1_fu_478,grp_fpr_of_fu_3517,,module_status44.csv
grp_solve_NTRU_fu_1364.grp_solve_NTRU_all_1_fu_478,grp_iFFT_1_fu_3522,,module_status45.csv
grp_solve_NTRU_fu_1364.grp_solve_NTRU_all_1_fu_478,grp_fpr_rint_fu_3539,,module_status46.csv
grp_solve_NTRU_fu_1364.grp_solve_NTRU_all_1_fu_478,grp_zint_mod_small_signed_1_fu_3545,,module_status47.csv
grp_solve_NTRU_fu_1364.grp_solve_NTRU_all_1_fu_478,grp_zint_rebuild_CRT_1_fu_3561,,module_status48.csv
grp_solve_NTRU_fu_1364.grp_solve_NTRU_all_1_fu_478.grp_zint_rebuild_CRT_1_fu_3561,grp_modp_montymul_fu_442,,module_status49.csv
grp_solve_NTRU_fu_1364.grp_solve_NTRU_all_1_fu_478.grp_zint_rebuild_CRT_1_fu_3561,grp_modp_montymul_fu_450,,module_status50.csv
grp_solve_NTRU_fu_1364.grp_solve_NTRU_all_1_fu_478,grp_poly_big_to_fp_1_fu_3592,,module_status51.csv
grp_solve_NTRU_fu_1364.grp_solve_NTRU_all_1_fu_478.grp_poly_big_to_fp_1_fu_3592,grp_fpr_of_fu_228,,module_status52.csv
grp_solve_NTRU_fu_1364.grp_solve_NTRU_all_1_fu_478,grp_poly_mul_fft_1_fu_3613,,module_status53.csv
grp_solve_NTRU_fu_1364.grp_solve_NTRU_all_1_fu_478,grp_zint_bezout_1_fu_3626,,module_status54.csv
grp_solve_NTRU_fu_1364.grp_solve_NTRU_all_1_fu_478.grp_zint_bezout_1_fu_3626,grp_zint_co_reduce_mod_1_fu_674,,module_status55.csv
grp_solve_NTRU_fu_1364.grp_solve_NTRU_all_1_fu_478,grp_poly_sub_scaled_1_fu_3632,,module_status56.csv
grp_solve_NTRU_fu_1364.grp_solve_NTRU_all_1_fu_478,grp_poly_sub_scaled_ntt_1_fu_3649,,module_status57.csv
grp_solve_NTRU_fu_1364.grp_solve_NTRU_all_1_fu_478.grp_poly_sub_scaled_ntt_1_fu_3649,grp_modp_montymul_fu_800,,module_status58.csv
grp_solve_NTRU_fu_1364.grp_solve_NTRU_all_1_fu_478.grp_poly_sub_scaled_ntt_1_fu_3649,grp_zint_rebuild_CRT_1_fu_1154,,module_status59.csv
grp_solve_NTRU_fu_1364.grp_solve_NTRU_all_1_fu_478.grp_poly_sub_scaled_ntt_1_fu_3649.grp_zint_rebuild_CRT_1_fu_1154,grp_modp_montymul_fu_442,,module_status60.csv
grp_solve_NTRU_fu_1364.grp_solve_NTRU_all_1_fu_478.grp_poly_sub_scaled_ntt_1_fu_3649.grp_zint_rebuild_CRT_1_fu_1154,grp_modp_montymul_fu_450,,module_status61.csv
grp_solve_NTRU_fu_1364.grp_solve_NTRU_all_1_fu_478.grp_poly_sub_scaled_ntt_1_fu_3649,grp_modp_NTT2_ext_1_fu_1171,,module_status62.csv
grp_solve_NTRU_fu_1364.grp_solve_NTRU_all_1_fu_478.grp_poly_sub_scaled_ntt_1_fu_3649.grp_modp_NTT2_ext_1_fu_1171,y_modp_montymul_fu_200,,module_status63.csv
grp_solve_NTRU_fu_1364,grp_modp_montymul_fu_514,,module_status64.csv
grp_solve_NTRU_fu_1364,grp_modp_montymul_fu_524,,module_status65.csv
grp_solve_NTRU_fu_1364,grp_modp_NTT2_ext_1_fu_542,,module_status66.csv
grp_solve_NTRU_fu_1364.grp_modp_NTT2_ext_1_fu_542,y_modp_montymul_fu_200,,module_status67.csv
